uri,id
help/oral-food/cooking-videos/baked-custard,58e50b90a44e8c524b6332b2
help/oral-food/cooking-videos/carrageenan,58e50b014a752e1d49e3a5e3
help/oral-food/cooking-videos/cornflour,58e50ba7a44e8c524b6332b3
help/oral-food/cooking-videos/custard,58e50b5e4a752e1d49e3a5e7
help/oral-food/cooking-videos/foams,58e50ad14a752e1d49e3a5e1
help/oral-food/cooking-videos/gelatin,58e50aea4a752e1d49e3a5e2
help/oral-food/cooking-videos/granita,58e50b3a4a752e1d49e3a5e5
help/oral-food/cooking-videos/parfait,58e50b174a752e1d49e3a5e4
help/oral-food/cooking-videos/puree,58e50b534a752e1d49e3a5e6
help/oral-hygiene/videos/brushing,59524bdf44ce957d491bbc01
help/oral-hygiene/videos/dentures,59524c2644ce957d491bbc04
help/oral-hygiene/videos/interdental-cleaning,59524bf744ce957d491bbc02
help/oral-hygiene/videos/interspace,59524c0f44ce957d491bbc03
help/physiotherapy/videos/donor-sites/back-muscles,59523cc1adf11e08371966b1
help/physiotherapy/videos/donor-sites/chest-muscles,59523d88adf11e08371966b2
help/physiotherapy/videos/donor-sites/lower-arm,5952418e44ce957d491bbbd7
help/physiotherapy/videos/donor-sites/lower-leg,595241b944ce957d491bbbd8
help/physiotherapy/videos/donor-sites/pelvis,595242d244ce957d491bbbdb
help/physiotherapy/videos/donor-sites/shoulder-blade,5952461544ce957d491bbbde
help/physiotherapy/videos/donor-sites/stomach-muscles,5952494744ce957d491bbbe0
help/physiotherapy/videos/donor-sites/thigh,595249a744ce957d491bbbe1
help/physiotherapy/videos/lymphoedema,5952420544ce957d491bbbd9
help/physiotherapy/videos/neck,5952427744ce957d491bbbda
help/physiotherapy/videos/scar-massage,5952430044ce957d491bbbdc
help/physiotherapy/videos/shoulder,5952440b44ce957d491bbbdd
help/physiotherapy/videos/spine,595248d744ce957d491bbbdf
help/physiotherapy/videos/tmj,5a1754469a36ef0032f2321c
help/physiotherapy/videos/trismus,595249e844ce957d491bbbe2
