uri,recipe_id
help/oral-food/recipes/almond--amaretto-semifreddo,almond--amaretto-semifreddo
help/oral-food/recipes/almond-semolina-mould,almond-semolina-mould
help/oral-food/recipes/almond-soup,almond-soup
help/oral-food/recipes/apple--basil-lassi,apple--basil-lassi
help/oral-food/recipes/apple--lavender-milkshake,apple--lavender-milkshake
help/oral-food/recipes/apple-banana-spinach-smoothie,apple-banana-spinach-smoothie
help/oral-food/recipes/apple-mould,apple-mould
help/oral-food/recipes/apple-sauce-ice-cream,apple-sauce-ice-cream
help/oral-food/recipes/apple-shallot-soup,apple-shallot-soup
help/oral-food/recipes/apricot-mousse,apricot-mousse
help/oral-food/recipes/apricot-parfait,apricot-parfait
help/oral-food/recipes/aromatic-carrot-milkshake,aromatic-carrot-milkshake
help/oral-food/recipes/aromatic-semolina-with-onion-puree,aromatic-semolina-with-onion-puree
help/oral-food/recipes/aromatic-slightly-sweet-white-sauce,aromatic-slightly-sweet-white-sauce
help/oral-food/recipes/asparagus-mousse,asparagus-mousse
help/oral-food/recipes/asparagus-puree,asparagus-puree
help/oral-food/recipes/asparagus-soup,asparagus-soup
help/oral-food/recipes/aubergine-eggplant-soup,aubergine-eggplant-soup
help/oral-food/recipes/avocado--cucumber-soup,avocado--cucumber-soup
help/oral-food/recipes/avocado-banana-smoothie,avocado-banana-smoothie
help/oral-food/recipes/avocado-basil-sauce,avocado-basil-sauce
help/oral-food/recipes/avocado-feta-cheese-puree,avocado-feta-cheese-puree
help/oral-food/recipes/avocado-ice-cream,avocado-ice-cream
help/oral-food/recipes/avocado-lettuce-grape-puree,avocado-lettuce-grape-puree
help/oral-food/recipes/avocado-mousse-i,avocado-mousse-i
help/oral-food/recipes/avocado-mousse-ii,avocado-mousse-ii
help/oral-food/recipes/avocado-smoothie,avocado-smoothie
help/oral-food/recipes/avocado-souffl,avocado-souffl
help/oral-food/recipes/bacon-ice-cream,bacon-ice-cream
help/oral-food/recipes/baked-apples,baked-apples
help/oral-food/recipes/baked-cheese-omelette,baked-cheese-omelette
help/oral-food/recipes/baked-cheesecake-without-crust,baked-cheesecake-without-crust
help/oral-food/recipes/baked-chickpea-mousse,baked-chickpea-mousse
help/oral-food/recipes/baked-ricotta,baked-ricotta
help/oral-food/recipes/baked-soft-goats-cheese,baked-soft-goats-cheese
help/oral-food/recipes/banana-and-peanut-butter-ice-cream,banana-and-peanut-butter-ice-cream
help/oral-food/recipes/banana-bread-pancakes,banana-bread-pancakes
help/oral-food/recipes/banana-parfait,banana-parfait
help/oral-food/recipes/banana-pea-smoothie,banana-pea-smoothie
help/oral-food/recipes/banana-smoothie,banana-smoothie
help/oral-food/recipes/banana-strawberry-ice-cream,banana-strawberry-ice-cream
help/oral-food/recipes/basic-white-sauce,basic-white-sauce
help/oral-food/recipes/basil--garlic-sauce,basil--garlic-sauce
help/oral-food/recipes/basil--peach--buttermilk-smoothie,basil--peach--buttermilk-smoothie
help/oral-food/recipes/basil--pear-sorbet,basil--pear-sorbet
help/oral-food/recipes/basil-buttermilk-soup,basil-buttermilk-soup
help/oral-food/recipes/basil-ice-cream,basil-ice-cream
help/oral-food/recipes/basil-sauce-cold,basil-sauce-cold
help/oral-food/recipes/basil-trout,basil-trout
help/oral-food/recipes/bean-salad-with-yogurt-dressing,bean-salad-with-yogurt-dressing
help/oral-food/recipes/beef-stock-with-egg-and-parmesan-cheese-stracciatella,beef-stock-with-egg-and-parmesan-cheese-stracciatella
help/oral-food/recipes/beer-and-bread-soup,beer-and-bread-soup
help/oral-food/recipes/beer-jelly,beer-jelly
help/oral-food/recipes/beetroot--passion-fruit-jelly,beetroot--passion-fruit-jelly
help/oral-food/recipes/beetroot-ice-cream,beetroot-ice-cream
help/oral-food/recipes/beetroot-kidney-bean-puree,beetroot-kidney-bean-puree
help/oral-food/recipes/beetroot-mousse,beetroot-mousse
help/oral-food/recipes/beetroot-mousse-ii,beetroot-mousse-ii
help/oral-food/recipes/beetroot-sauce,beetroot-sauce
help/oral-food/recipes/beetroot-smoothie,beetroot-smoothie
help/oral-food/recipes/beetroot-soup,beetroot-soup
help/oral-food/recipes/black-forest-gateau-parfait,black-forest-gateau-parfait
help/oral-food/recipes/blackberry-milk-shake,blackberry-milk-shake
help/oral-food/recipes/blueberry--peanut-butter-smoothie,blueberry--peanut-butter-smoothie
help/oral-food/recipes/blueberry-cheesecake-without-crust,blueberry-cheesecake-without-crust
help/oral-food/recipes/blueberry-jelly-with-yogurt-cream,blueberry-jelly-with-yogurt-cream
help/oral-food/recipes/bread-soup,bread-soup
help/oral-food/recipes/broad-bean-soup,broad-bean-soup
help/oral-food/recipes/broccoli--leek-soup,broccoli--leek-soup
help/oral-food/recipes/broccoli-burger,broccoli-burger
help/oral-food/recipes/broccoli-frittata,broccoli-frittata
help/oral-food/recipes/broccoli-pesto,broccoli-pesto
help/oral-food/recipes/broccoli-sauce,broccoli-sauce
help/oral-food/recipes/broccoli-soup,broccoli-soup
help/oral-food/recipes/brussels-sprouts-soup,brussels-sprouts-soup
help/oral-food/recipes/buttermilk-potato-pear-soup,buttermilk-potato-pear-soup
help/oral-food/recipes/butternut-squash-mousse,butternut-squash-mousse
help/oral-food/recipes/caffe-latte-sauce,caffe-latte-sauce
help/oral-food/recipes/campari-orange-sorbet,campari-orange-sorbet
help/oral-food/recipes/caramel-mould,caramel-mould
help/oral-food/recipes/cardamom-sauce,cardamom-sauce
help/oral-food/recipes/carrot--apricot-soup,carrot--apricot-soup
help/oral-food/recipes/carrot--lentil--feta-puree,carrot--lentil--feta-puree
help/oral-food/recipes/carrot-cashew-nut-puree,carrot-cashew-nut-puree
help/oral-food/recipes/carrot-chickpea-soup,carrot-chickpea-soup
help/oral-food/recipes/carrot-coconut-smoothie,carrot-coconut-smoothie
help/oral-food/recipes/carrot-fennel-sauce,carrot-fennel-sauce
help/oral-food/recipes/carrot-jelly,carrot-jelly
help/oral-food/recipes/carrot-marzipan-sauce,carrot-marzipan-sauce
help/oral-food/recipes/carrot-parsnip-mousse,carrot-parsnip-mousse
help/oral-food/recipes/carrot-sauce,carrot-sauce
help/oral-food/recipes/carrot-smoothie,carrot-smoothie
help/oral-food/recipes/cauliflower-falafel,cauliflower-falafel
help/oral-food/recipes/cauliflower-mousse,cauliflower-mousse
help/oral-food/recipes/cauliflower-soup-with-poached-egg,cauliflower-soup-with-poached-egg
help/oral-food/recipes/celeriac--white-bean-ragout,celeriac--white-bean-ragout
help/oral-food/recipes/celeriac-sauce,celeriac-sauce
help/oral-food/recipes/celery-parfait,celery-parfait
help/oral-food/recipes/celery-soup,celery-soup
help/oral-food/recipes/cheats-lazy-version-of-parfait-in-many-flavours,cheats-lazy-version-of-parfait-in-many-flavours
help/oral-food/recipes/cheese-souffl,cheese-souffl
help/oral-food/recipes/cheese-soup,cheese-soup
help/oral-food/recipes/cheesy-vegetable-souffl,cheesy-vegetable-souffl
help/oral-food/recipes/cherry-smoothie,cherry-smoothie
help/oral-food/recipes/chestnut--leek-soup,chestnut--leek-soup
help/oral-food/recipes/chestnut--porcini-puree,chestnut--porcini-puree
help/oral-food/recipes/chestnut-sauce-cold,chestnut-sauce-cold
help/oral-food/recipes/chestnut-souffl,chestnut-souffl
help/oral-food/recipes/chestnut-soup,chestnut-soup
help/oral-food/recipes/chestnut-yogurt,chestnut-yogurt
help/oral-food/recipes/chicken-and-apricot-puree,chicken-and-apricot-puree
help/oral-food/recipes/chicken-and-courgette-burger,chicken-and-courgette-burger
help/oral-food/recipes/chicken-burger,chicken-burger
help/oral-food/recipes/chicken-kebabs,chicken-kebabs
help/oral-food/recipes/chicken-liver-mousse,chicken-liver-mousse
help/oral-food/recipes/chicken-pear-and-sweet-potato-soup,chicken-pear-and-sweet-potato-soup
help/oral-food/recipes/chicken-ragout,chicken-ragout
help/oral-food/recipes/chicken-rocket-puree,chicken-rocket-puree
help/oral-food/recipes/chickpea--leak--potato-soup,chickpea--leak--potato-soup
help/oral-food/recipes/chickpea-carrot-avocado-soup,chickpea-carrot-avocado-soup
help/oral-food/recipes/chickpea-mushroom-puree,chickpea-mushroom-puree
help/oral-food/recipes/chickpea-sauce-cold,chickpea-sauce-cold
help/oral-food/recipes/chickpea-soup,chickpea-soup
help/oral-food/recipes/chilled-potato-soup-with-spinach-pesto,chilled-potato-soup-with-spinach-pesto
help/oral-food/recipes/chocolate-mould,chocolate-mould
help/oral-food/recipes/chocolate-parfait,chocolate-parfait
help/oral-food/recipes/chocolate-pasta-with-cinnamon-cream,chocolate-pasta-with-cinnamon-cream
help/oral-food/recipes/cinnamon-milk-with-prunes,cinnamon-milk-with-prunes
help/oral-food/recipes/cinnamon-parfait,cinnamon-parfait
help/oral-food/recipes/coconut--vanilla-mould,coconut--vanilla-mould
help/oral-food/recipes/coconut-milk-macadamia-sauce,coconut-milk-macadamia-sauce
help/oral-food/recipes/coconut-mousse,coconut-mousse
help/oral-food/recipes/coffee-or-tea-jelly,coffee-or-tea-jelly
help/oral-food/recipes/corn-pudding,corn-pudding
help/oral-food/recipes/corn-soup,corn-soup
help/oral-food/recipes/courgette-flan,courgette-flan
help/oral-food/recipes/courgette-flan-with-parmesan-sauce,courgette-flan-with-parmesan-sauce
help/oral-food/recipes/courgette-pancake,courgette-pancake
help/oral-food/recipes/courgette-parfait,courgette-parfait
help/oral-food/recipes/courgette-puree,courgette-puree
help/oral-food/recipes/courgette-souffl,courgette-souffl
help/oral-food/recipes/courgette-soup,courgette-soup
help/oral-food/recipes/courgette-sweet-potato-burger,courgette-sweet-potato-burger
help/oral-food/recipes/courgette-white-bean-puree,courgette-white-bean-puree
help/oral-food/recipes/creamed-salmon-and-watercress-puree,creamed-salmon-and-watercress-puree
help/oral-food/recipes/creamy-anchovies-and-garlic-sauce,creamy-anchovies-and-garlic-sauce
help/oral-food/recipes/creamy-cabbage-soup,creamy-cabbage-soup
help/oral-food/recipes/creamy-chicken-soup,creamy-chicken-soup
help/oral-food/recipes/creamy-honey-basil-sauce,creamy-honey-basil-sauce
help/oral-food/recipes/creamy-mustard-soup,creamy-mustard-soup
help/oral-food/recipes/creamy-smoked-salmon,creamy-smoked-salmon
help/oral-food/recipes/crme-caramel,crme-caramel
help/oral-food/recipes/cucumber--potato-soup,cucumber--potato-soup
help/oral-food/recipes/cucumber-and-apple-smoothie,cucumber-and-apple-smoothie
help/oral-food/recipes/cucumber-and-garlic-soup,cucumber-and-garlic-soup
help/oral-food/recipes/cucumber-and-white-grape-gazpacho,cucumber-and-white-grape-gazpacho
help/oral-food/recipes/cucumber-drink,cucumber-drink
help/oral-food/recipes/cucumber-granita,cucumber-granita
help/oral-food/recipes/cucumber-jelly,cucumber-jelly
help/oral-food/recipes/cucumber-lassi,cucumber-lassi
help/oral-food/recipes/cucumber-milkshake,cucumber-milkshake
help/oral-food/recipes/cucumber-mousse,cucumber-mousse
help/oral-food/recipes/custard,custard
help/oral-food/recipes/custard-floating-islands-ufs--la-neige,custard-floating-islands-ufs--la-neige
help/oral-food/recipes/egg-mayonnaise,egg-mayonnaise
help/oral-food/recipes/elderberry-sorbet,elderberry-sorbet
help/oral-food/recipes/elderflower-yogurt-parfait,elderflower-yogurt-parfait
help/oral-food/recipes/espresso-mousse,espresso-mousse
help/oral-food/recipes/espresso-parfait,espresso-parfait
help/oral-food/recipes/fennel-panna-cotta,fennel-panna-cotta
help/oral-food/recipes/fennel-parfait,fennel-parfait
help/oral-food/recipes/fennel-puree,fennel-puree
help/oral-food/recipes/fennel-sauce-cold,fennel-sauce-cold
help/oral-food/recipes/fennel-soup,fennel-soup
help/oral-food/recipes/fish-and-spinach-lasagne,fish-and-spinach-lasagne
help/oral-food/recipes/fish-chowder,fish-chowder
help/oral-food/recipes/fish-pot-or-fish-pie,fish-pot-or-fish-pie
help/oral-food/recipes/frozen-coffee-granita,frozen-coffee-granita
help/oral-food/recipes/frozen-rice-pudding,frozen-rice-pudding
help/oral-food/recipes/goats-cheese-ice-cream,goats-cheese-ice-cream
help/oral-food/recipes/gooseberry-jelly-with-set-custard,gooseberry-jelly-with-set-custard
help/oral-food/recipes/gorgonzola-cheese-sauce,gorgonzola-cheese-sauce
help/oral-food/recipes/gorgonzola-stuffed-mushrooms,gorgonzola-stuffed-mushrooms
help/oral-food/recipes/grape-juice-cocktail,grape-juice-cocktail
help/oral-food/recipes/gratinated-trout-filets,gratinated-trout-filets
help/oral-food/recipes/green-smoothie-i,green-smoothie-i
help/oral-food/recipes/green-smoothie-ii,green-smoothie-ii
help/oral-food/recipes/ham-mousse,ham-mousse
help/oral-food/recipes/herb-soup,herb-soup
help/oral-food/recipes/historical-version-of-cheesecake,historical-version-of-cheesecake
help/oral-food/recipes/honey-parfait,honey-parfait
help/oral-food/recipes/jellied-beef-stock-with-egg--la-royale,jellied-beef-stock-with-egg--la-royale
help/oral-food/recipes/jellied-chicken-with-mushroom-sauce,jellied-chicken-with-mushroom-sauce
help/oral-food/recipes/jellied-fried-salmon,jellied-fried-salmon
help/oral-food/recipes/jellied-fruit-juice,jellied-fruit-juice
help/oral-food/recipes/jellied-fruit-puree,jellied-fruit-puree
help/oral-food/recipes/jellied-milk,jellied-milk
help/oral-food/recipes/jellied-pumpkin-soup,jellied-pumpkin-soup
help/oral-food/recipes/jerusalem-artichoke-puree,jerusalem-artichoke-puree
help/oral-food/recipes/jerusalem-artichoke-soup,jerusalem-artichoke-soup
help/oral-food/recipes/juniper-berry-sauce,juniper-berry-sauce
help/oral-food/recipes/kale--pineapple-smoothie,kale--pineapple-smoothie
help/oral-food/recipes/kale-soup,kale-soup
help/oral-food/recipes/lambs-lettuce-lassi,lambs-lettuce-lassi
help/oral-food/recipes/leek--apricot-sauce,leek--apricot-sauce
help/oral-food/recipes/leek-and-parsnip-soup-with-parsley-pesto,leek-and-parsnip-soup-with-parsley-pesto
help/oral-food/recipes/leek-sauce,leek-sauce
help/oral-food/recipes/leek-smoked-salmon-bake,leek-smoked-salmon-bake
help/oral-food/recipes/lentil--mixed-vegetable-ragout,lentil--mixed-vegetable-ragout
help/oral-food/recipes/lentil-hummus,lentil-hummus
help/oral-food/recipes/lentil-mousse,lentil-mousse
help/oral-food/recipes/lentil-soup,lentil-soup
help/oral-food/recipes/lettuce-soup,lettuce-soup
help/oral-food/recipes/maize-and-chestnut-soup,maize-and-chestnut-soup
help/oral-food/recipes/mango-banana-smoothie,mango-banana-smoothie
help/oral-food/recipes/mango-basil-smoothie,mango-basil-smoothie
help/oral-food/recipes/mango-lassi,mango-lassi
help/oral-food/recipes/mango-sauce,mango-sauce
help/oral-food/recipes/marinated-fried-halloumi,marinated-fried-halloumi
help/oral-food/recipes/melon--cream-cheese-mousse,melon--cream-cheese-mousse
help/oral-food/recipes/melon-mango-smoothie,melon-mango-smoothie
help/oral-food/recipes/melon-parfait,melon-parfait
help/oral-food/recipes/melon-smoothie,melon-smoothie
help/oral-food/recipes/melon-soup,melon-soup
help/oral-food/recipes/milkshakes,milkshakes
help/oral-food/recipes/millet-broccoli-bake,millet-broccoli-bake
help/oral-food/recipes/minced-pork-omelette,minced-pork-omelette
help/oral-food/recipes/mint-ice-cream,mint-ice-cream
help/oral-food/recipes/mint-panna-cotta,mint-panna-cotta
help/oral-food/recipes/miso-soup,miso-soup
help/oral-food/recipes/mixed-vegetable-puree,mixed-vegetable-puree
help/oral-food/recipes/mouth--throat-soothers--frozen-infusions,mouth--throat-soothers--frozen-infusions
help/oral-food/recipes/mulled-wine-parfait,mulled-wine-parfait
help/oral-food/recipes/mushroom-apple-coconut-milk-soup,mushroom-apple-coconut-milk-soup
help/oral-food/recipes/mushroom-dumplings-with-creamy-leeks,mushroom-dumplings-with-creamy-leeks
help/oral-food/recipes/mushroom-leek-soup,mushroom-leek-soup
help/oral-food/recipes/mushroom-parmesan-sauce,mushroom-parmesan-sauce
help/oral-food/recipes/mushroom-potato-soup,mushroom-potato-soup
help/oral-food/recipes/mushroom-semolina-dumplings,mushroom-semolina-dumplings
help/oral-food/recipes/mushroom-soup,mushroom-soup
help/oral-food/recipes/nockerl,nockerl
help/oral-food/recipes/oat-milk-smoothie,oat-milk-smoothie
help/oral-food/recipes/oatmeal-chocolate-pancakes,oatmeal-chocolate-pancakes
help/oral-food/recipes/orange-cake,orange-cake
help/oral-food/recipes/pancakes-with-mushroom-stuffing,pancakes-with-mushroom-stuffing
help/oral-food/recipes/paneer-with-spinach,paneer-with-spinach
help/oral-food/recipes/panna-cotta-cooked-cream,panna-cotta-cooked-cream
help/oral-food/recipes/parmesan-dumplings,parmesan-dumplings
help/oral-food/recipes/parmesan-sauce,parmesan-sauce
help/oral-food/recipes/parsnip--pea-soup,parsnip--pea-soup
help/oral-food/recipes/parsnip-and-bacon-soup,parsnip-and-bacon-soup
help/oral-food/recipes/parsnip-and-sweet-potato-soup-with-cardamom-mascarpone,parsnip-and-sweet-potato-soup-with-cardamom-mascarpone
help/oral-food/recipes/parsnip-puree,parsnip-puree
help/oral-food/recipes/pea-and-buttermilk-soup-cold,pea-and-buttermilk-soup-cold
help/oral-food/recipes/pea-and-pear-gazpacho-cold,pea-and-pear-gazpacho-cold
help/oral-food/recipes/pea-and-pear-sorbet,pea-and-pear-sorbet
help/oral-food/recipes/pea-and-quark-gratin,pea-and-quark-gratin
help/oral-food/recipes/pea-dumplings-with-cucumber/mint-yogurt,pea-dumplings-with-cucumber/mint-yogurt
help/oral-food/recipes/pea-lettuce-soup,pea-lettuce-soup
help/oral-food/recipes/pea-mousse,pea-mousse
help/oral-food/recipes/pea-panna-cotta-with-mango-puree,pea-panna-cotta-with-mango-puree
help/oral-food/recipes/pea-sauce,pea-sauce
help/oral-food/recipes/peach-and-chocolate-pudding,peach-and-chocolate-pudding
help/oral-food/recipes/peach-and-raspberry-parfait,peach-and-raspberry-parfait
help/oral-food/recipes/peach-basil-smoothie,peach-basil-smoothie
help/oral-food/recipes/peach-onion-sauce,peach-onion-sauce
help/oral-food/recipes/peach-raspberry-smoothie,peach-raspberry-smoothie
help/oral-food/recipes/peanut-sauce,peanut-sauce
help/oral-food/recipes/pear--peanut-smoothie,pear--peanut-smoothie
help/oral-food/recipes/pear--pomegranate-smoothie,pear--pomegranate-smoothie
help/oral-food/recipes/pear-and-almond-milkshake,pear-and-almond-milkshake
help/oral-food/recipes/pear-and-leek-soup,pear-and-leek-soup
help/oral-food/recipes/pear-and-roquefort-cream,pear-and-roquefort-cream
help/oral-food/recipes/pear-avocado-orange-smoothie,pear-avocado-orange-smoothie
help/oral-food/recipes/pear-clafoutis,pear-clafoutis
help/oral-food/recipes/pear-parfait,pear-parfait
help/oral-food/recipes/pears-poached-in-red-wine,pears-poached-in-red-wine
help/oral-food/recipes/pineapple-cucumber-gazpacho,pineapple-cucumber-gazpacho
help/oral-food/recipes/pineapple-sweet-potato-muffins,pineapple-sweet-potato-muffins
help/oral-food/recipes/pineapple-turmeric-smoothie,pineapple-turmeric-smoothie
help/oral-food/recipes/pink-milk,pink-milk
help/oral-food/recipes/plum-mousse,plum-mousse
help/oral-food/recipes/plum-parfait,plum-parfait
help/oral-food/recipes/plum-thyme-mousse,plum-thyme-mousse
help/oral-food/recipes/poached-chicken-dumplings,poached-chicken-dumplings
help/oral-food/recipes/polenta-carrot-bake,polenta-carrot-bake
help/oral-food/recipes/polenta-dumplings,polenta-dumplings
help/oral-food/recipes/polenta-gnocchi,polenta-gnocchi
help/oral-food/recipes/pomegranate-milk,pomegranate-milk
help/oral-food/recipes/potato--baked-apple-mash,potato--baked-apple-mash
help/oral-food/recipes/potato-and-pear-soup,potato-and-pear-soup
help/oral-food/recipes/potato-carrot-cauliflower-burger,potato-carrot-cauliflower-burger
help/oral-food/recipes/potato-gorgonzola-muffins,potato-gorgonzola-muffins
help/oral-food/recipes/potato-gratin-dauphinois,potato-gratin-dauphinois
help/oral-food/recipes/potato-ham-soup,potato-ham-soup
help/oral-food/recipes/potato-soup,potato-soup
help/oral-food/recipes/potatoes-in-parsley-sauce,potatoes-in-parsley-sauce
help/oral-food/recipes/protein-chocolate-drink,protein-chocolate-drink
help/oral-food/recipes/prune-and-red-wine-sauce,prune-and-red-wine-sauce
help/oral-food/recipes/pumpkin--potato--apple-puree,pumpkin--potato--apple-puree
help/oral-food/recipes/pumpkin-apple-and-feta-sauce,pumpkin-apple-and-feta-sauce
help/oral-food/recipes/pumpkin-cheesecake-without-crust,pumpkin-cheesecake-without-crust
help/oral-food/recipes/pumpkin-flan,pumpkin-flan
help/oral-food/recipes/pumpkin-frittata,pumpkin-frittata
help/oral-food/recipes/pumpkin-mousse,pumpkin-mousse
help/oral-food/recipes/pumpkin-parfait,pumpkin-parfait
help/oral-food/recipes/pumpkin-spice-latte,pumpkin-spice-latte
help/oral-food/recipes/purple-smoothie,purple-smoothie
help/oral-food/recipes/quince-and-honey-parfait,quince-and-honey-parfait
help/oral-food/recipes/quince-soup,quince-soup
help/oral-food/recipes/rabbit-stew,rabbit-stew
help/oral-food/recipes/raspberry-mousse,raspberry-mousse
help/oral-food/recipes/red-cabbage-jelly,red-cabbage-jelly
help/oral-food/recipes/red-cabbage-soup,red-cabbage-soup
help/oral-food/recipes/red-lentil-goats-cheese-puree,red-lentil-goats-cheese-puree
help/oral-food/recipes/red-lentil-puree,red-lentil-puree
help/oral-food/recipes/red-lentil-smoothie,red-lentil-smoothie
help/oral-food/recipes/red-lentil-soup,red-lentil-soup
help/oral-food/recipes/red-wine-parfait,red-wine-parfait
help/oral-food/recipes/rhubarb-ice-cream,rhubarb-ice-cream
help/oral-food/recipes/rich-ice-cream-parfait-in-many-flavours,rich-ice-cream-parfait-in-many-flavours
help/oral-food/recipes/ricotta-dumplings,ricotta-dumplings
help/oral-food/recipes/ricotta-limoncello-parfait,ricotta-limoncello-parfait
help/oral-food/recipes/ricotta-pancakes,ricotta-pancakes
help/oral-food/recipes/roast-chicken-jelly,roast-chicken-jelly
help/oral-food/recipes/roast-lamb-jelly,roast-lamb-jelly
help/oral-food/recipes/roast-pork-jelly,roast-pork-jelly
help/oral-food/recipes/rocket--goat-cheese-dumplings,rocket--goat-cheese-dumplings
help/oral-food/recipes/rocket-feta-soup,rocket-feta-soup
help/oral-food/recipes/rocket-parfait,rocket-parfait
help/oral-food/recipes/rocket-sauce,rocket-sauce
help/oral-food/recipes/roquefort-mousse-with-pear-puree,roquefort-mousse-with-pear-puree
help/oral-food/recipes/rum-jelly,rum-jelly
help/oral-food/recipes/salmon-flan,salmon-flan
help/oral-food/recipes/salmon-rillette,salmon-rillette
help/oral-food/recipes/salmon-souffl,salmon-souffl
help/oral-food/recipes/salty-lassi,salty-lassi
help/oral-food/recipes/savoury-cheesecake,savoury-cheesecake
help/oral-food/recipes/savoury-herb-pancakes,savoury-herb-pancakes
help/oral-food/recipes/savoy-cabbage-in-cheese-sauce,savoy-cabbage-in-cheese-sauce
help/oral-food/recipes/semolina-cake,semolina-cake
help/oral-food/recipes/semolina-dumplings,semolina-dumplings
help/oral-food/recipes/semolina-dumplings-with-swede-sauce,semolina-dumplings-with-swede-sauce
help/oral-food/recipes/semolina-mould,semolina-mould
help/oral-food/recipes/simple-banana-ice-cream,simple-banana-ice-cream
help/oral-food/recipes/slightly-naughty-jellies,slightly-naughty-jellies
help/oral-food/recipes/smoked-mackerel-mousse,smoked-mackerel-mousse
help/oral-food/recipes/smoked-salmon-mousse,smoked-salmon-mousse
help/oral-food/recipes/smoked-trout-mousse,smoked-trout-mousse
help/oral-food/recipes/smoked-trout-sauce,smoked-trout-sauce
help/oral-food/recipes/smoked-trout-with-vegetable-puree,smoked-trout-with-vegetable-puree
help/oral-food/recipes/soft-dark-chocolate-biscuits,soft-dark-chocolate-biscuits
help/oral-food/recipes/spinach-avocado-flan,spinach-avocado-flan
help/oral-food/recipes/spinach-burger-with-soured-cream-dip,spinach-burger-with-soured-cream-dip
help/oral-food/recipes/spinach-flan,spinach-flan
help/oral-food/recipes/spinach-jelly,spinach-jelly
help/oral-food/recipes/spinach-pancakes,spinach-pancakes
help/oral-food/recipes/spinach-sauce,spinach-sauce
help/oral-food/recipes/squash-banana-smoothie,squash-banana-smoothie
help/oral-food/recipes/stilton-ice-cream,stilton-ice-cream
help/oral-food/recipes/strawberry-polenta-bake,strawberry-polenta-bake
help/oral-food/recipes/sugar-snap-soup,sugar-snap-soup
help/oral-food/recipes/swede-and-potato-ragout,swede-and-potato-ragout
help/oral-food/recipes/swede-soup,swede-soup
help/oral-food/recipes/sweet-courgette-pudding-with-creamy-sauce,sweet-courgette-pudding-with-creamy-sauce
help/oral-food/recipes/sweet-potato-and-peanut-soup,sweet-potato-and-peanut-soup
help/oral-food/recipes/sweet-potato-banana-puree,sweet-potato-banana-puree
help/oral-food/recipes/sweet-potato-falafel,sweet-potato-falafel
help/oral-food/recipes/sweet-potato-lentil-soup,sweet-potato-lentil-soup
help/oral-food/recipes/sweet-potato-mash,sweet-potato-mash
help/oral-food/recipes/sweet-potato-soup,sweet-potato-soup
help/oral-food/recipes/tahini-coriander-sauce,tahini-coriander-sauce
help/oral-food/recipes/tahini-ice-cream,tahini-ice-cream
help/oral-food/recipes/tahini-milkshake,tahini-milkshake
help/oral-food/recipes/tahini-mint-sauce,tahini-mint-sauce
help/oral-food/recipes/tamed-bolognese-sauce,tamed-bolognese-sauce
help/oral-food/recipes/tea-ice-cream,tea-ice-cream
help/oral-food/recipes/tofu-peanut-curry,tofu-peanut-curry
help/oral-food/recipes/tomato-ice-cream,tomato-ice-cream
help/oral-food/recipes/tomato-mousse,tomato-mousse
help/oral-food/recipes/tomato-panna-cotta-with-basil-sauce,tomato-panna-cotta-with-basil-sauce
help/oral-food/recipes/tomato-pudding-with-basil-mascarpone-sauce,tomato-pudding-with-basil-mascarpone-sauce
help/oral-food/recipes/tomato-yogurt-drink,tomato-yogurt-drink
help/oral-food/recipes/trout-dumplings-with-parsley-sauce,trout-dumplings-with-parsley-sauce
help/oral-food/recipes/trout-mould,trout-mould
help/oral-food/recipes/tuna-mould,tuna-mould
help/oral-food/recipes/tuna-mousse,tuna-mousse
help/oral-food/recipes/tuna-sauce-cold,tuna-sauce-cold
help/oral-food/recipes/turmeric-ice-cream,turmeric-ice-cream
help/oral-food/recipes/turmeric-milk,turmeric-milk
help/oral-food/recipes/vanilla-drizzle-cake,vanilla-drizzle-cake
help/oral-food/recipes/vanilla-mousse,vanilla-mousse
help/oral-food/recipes/vanilla-parfait,vanilla-parfait
help/oral-food/recipes/vegetable-ice-cream-in-many-flavours,vegetable-ice-cream-in-many-flavours
help/oral-food/recipes/vegetable-jelly,vegetable-jelly
help/oral-food/recipes/vegetable-loaf-cake,vegetable-loaf-cake
help/oral-food/recipes/vegetable-muffins,vegetable-muffins
help/oral-food/recipes/vegetable-omelette-with-ricotta,vegetable-omelette-with-ricotta
help/oral-food/recipes/vegetable-purees-from-vegetables-braised-in-butter-or-oven-roasted,vegetable-purees-from-vegetables-braised-in-butter-or-oven-roasted
help/oral-food/recipes/vegetable-purees-from-vegetables-cooked-in-water-or-stock,vegetable-purees-from-vegetables-cooked-in-water-or-stock
help/oral-food/recipes/vegetable-terrine,vegetable-terrine
help/oral-food/recipes/virgin-colada,virgin-colada
help/oral-food/recipes/watercress-soup,watercress-soup
help/oral-food/recipes/watermelon-jelly,watermelon-jelly
help/oral-food/recipes/watermelon-juice,watermelon-juice
help/oral-food/recipes/white-bean-soup,white-bean-soup
help/oral-food/recipes/white-cabbage-soup,white-cabbage-soup
help/oral-food/recipes/white-chocolate-flan,white-chocolate-flan
help/oral-food/recipes/white-chocolate-mould,white-chocolate-mould
help/oral-food/recipes/white-onion-soup,white-onion-soup
help/oral-food/recipes/wild-garlic-sauce,wild-garlic-sauce
help/oral-food/recipes/yellow-lentil-puree-daal-saag,yellow-lentil-puree-daal-saag
help/oral-food/recipes/yellow-lentil-stew-with-sour-cream-ice-cream,yellow-lentil-stew-with-sour-cream-ice-cream
help/oral-food/recipes/yogurt-mint-mousse,yogurt-mint-mousse
help/oral-food/recipes/yogurt-parfait,yogurt-parfait
